1,1,6.26,6.46,8.03,12.09,12.3,1.46,2.01,2.01,2.01,4.05,4.15,5.42
1,2,6.26,6.46,8.03,12.09,12.3,1.47,2.02,2.02,2.02,4.06,4.16,5.43
1,3,6.26,6.46,8.03,12.1,12.3,1.48,2.03,2.03,2.03,4.07,4.17,5.44
1,4,6.26,6.46,8.03,12.1,12.3,1.49,2.04,2.04,2.04,4.08,4.18,5.45
1,5,6.25,6.45,8.02,12.11,12.3,1.5,2.05,2.05,2.05,4.09,4.19,5.46
1,6,6.25,6.45,8.02,12.11,12.3,1.51,2.06,2.06,2.06,4.1,4.2,5.47
1,7,6.25,6.45,8.02,12.12,12.3,1.52,2.07,2.07,2.07,4.12,4.22,5.49
1,8,6.24,6.44,8.01,12.12,12.3,1.53,2.08,2.08,2.08,4.13,4.23,5.5
1,9,6.24,6.44,8.01,12.12,12.3,1.54,2.09,2.09,2.09,4.14,4.24,5.51
1,10,6.23,6.43,8,12.13,12.3,1.55,2.1,2.1,2.1,4.16,4.26,5.53
1,11,6.23,6.43,8,12.13,12.3,1.56,2.11,2.11,2.11,4.17,4.27,5.54
1,12,6.22,6.42,7.59,12.14,12.3,1.58,2.13,2.13,2.13,4.19,4.29,5.56
1,13,6.21,6.41,7.58,12.14,12.3,1.59,2.14,2.14,2.14,4.2,4.3,5.57
1,14,6.21,6.41,7.58,12.14,12.3,2,2.15,2.15,2.15,4.21,4.31,5.58
1,15,6.2,6.4,7.57,12.15,12.3,2.01,2.16,2.16,2.16,4.23,4.33,6
1,16,6.19,6.39,7.56,12.15,12.3,2.03,2.18,2.18,2.18,4.25,4.35,6.02
1,17,6.18,6.38,7.55,12.15,12.3,2.04,2.19,2.19,2.19,4.26,4.36,6.03
1,18,6.17,6.37,7.54,12.16,12.3,2.05,2.2,2.2,2.2,4.28,4.38,6.05
1,19,6.16,6.36,7.53,12.16,12.3,2.07,2.22,2.22,2.22,4.29,4.39,6.06
1,20,6.15,6.35,7.52,12.16,12.3,2.08,2.23,2.23,2.23,4.31,4.41,6.08
1,21,6.14,6.34,7.51,12.17,12.3,2.09,2.24,2.24,2.24,4.33,4.43,6.1
1,22,6.13,6.33,7.5,12.17,12.3,2.11,2.26,2.26,2.26,4.34,4.44,6.11
1,23,6.12,6.32,7.49,12.17,12.3,2.12,2.27,2.27,2.27,4.36,4.46,6.13
1,24,6.11,6.31,7.48,12.17,12.3,2.13,2.28,2.28,2.28,4.38,4.48,6.15
1,25,6.09,6.29,7.46,12.18,12.3,2.15,2.3,2.3,2.3,4.4,4.5,6.17
1,26,6.08,6.28,7.45,12.18,12.3,2.16,2.31,2.31,2.31,4.41,4.51,6.18
1,27,6.07,6.27,7.44,12.18,12.3,2.18,2.33,2.33,2.33,4.43,4.53,6.2
1,28,6.06,6.26,7.43,12.18,12.3,2.19,2.34,2.34,2.34,4.45,4.55,6.22
1,29,6.04,6.24,7.41,12.19,12.3,2.21,2.36,2.36,2.36,4.47,4.57,6.24
1,30,6.03,6.23,7.4,12.19,12.3,2.22,2.37,2.37,2.37,4.48,4.58,6.25
1,31,6.01,6.21,7.38,12.19,12.3,2.23,2.38,2.38,2.38,4.5,5,6.27
2,1,6,6.2,7.37,12.19,12.3,2.25,2.4,2.4,2.4,4.52,5.02,6.28
2,2,5.58,6.18,7.35,12.19,12.3,2.26,2.41,2.41,2.41,4.54,5.04,6.29
2,3,5.57,6.17,7.34,12.19,12.3,2.28,2.43,2.43,2.43,4.56,5.06,6.3
2,4,5.55,6.15,7.32,12.19,12.3,2.29,2.44,2.44,2.44,4.57,5.07,6.31
2,5,5.53,6.13,7.3,12.19,12.3,2.31,2.46,2.46,2.46,4.59,5.09,6.32
2,6,5.52,6.12,7.29,12.2,12.3,2.32,2.47,2.47,2.47,5.01,5.11,6.34
2,7,5.5,6.1,7.27,12.2,12.3,2.34,2.49,2.49,2.49,5.03,5.13,6.35
2,8,5.48,6.08,7.25,12.2,12.3,2.35,2.5,2.5,2.5,5.05,5.15,6.37
2,9,5.47,6.07,7.24,12.2,12.3,2.36,2.51,2.51,2.51,5.07,5.17,6.38
2,10,5.45,6.05,7.22,12.2,12.3,2.38,2.53,2.53,2.53,5.08,5.18,6.39
2,11,0.24,6.03,7.2,12.2,12.3,2.39,2.54,2.54,2.54,5.1,5.2,6.41
2,12,5.41,6.01,7.18,12.2,12.3,2.41,2.56,2.56,2.56,5.12,5.22,6.43
2,13,5.39,5.59,7.16,12.2,12.3,2.42,2.57,2.57,2.57,5.14,5.24,6.44
2,14,5.37,5.57,7.14,12.2,12.3,2.44,2.59,2.59,2.59,5.16,5.26,6.46
2,15,5.36,5.56,7.13,12.2,12.3,2.45,3,3,3,5.18,5.28,6.48
2,16,5.34,5.54,7.11,12.2,12.3,2.46,3.01,3.01,3.01,5.19,5.29,6.49
2,17,5.32,5.52,7.09,12.2,12.3,2.48,3.03,3.03,3.03,5.21,5.31,6.5
2,18,5.3,5.5,7.07,12.19,12.3,2.49,3.04,3.04,3.04,5.23,5.33,6.52
2,19,5.28,5.48,7.05,12.19,12.3,2.51,3.06,3.06,3.06,5.25,5.35,6.54
2,20,5.26,5.46,7.03,12.19,12.3,2.52,3.07,3.07,3.07,5.27,5.37,6.56
2,21,5.24,5.44,7.01,12.19,12.3,2.53,3.08,3.08,3.08,5.28,5.38,6.56
2,22,5.22,5.42,6.59,12.19,12.3,2.55,3.1,3.1,3.1,5.3,5.4,6.58
2,23,5.2,5.4,6.57,12.19,12.3,2.56,3.11,3.11,3.11,5.32,5.42,7
2,24,5.18,5.38,6.55,12.19,12.3,2.57,3.12,3.12,3.12,5.34,5.44,7.02
2,25,5.16,5.36,6.53,12.19,12.3,2.58,3.13,3.13,3.13,5.36,5.46,7.03
2,26,5.13,5.33,6.5,12.18,12.3,3,3.15,3.15,3.15,5.37,5.47,7.04
2,27,5.11,5.31,6.48,12.18,12.3,3.01,3.16,3.16,3.16,5.39,5.49,7.06
2,28,5.09,5.29,6.46,12.18,12.3,3.02,3.17,3.17,3.17,5.41,5.51,7.08
3,1,5.05,5.25,6.42,12.18,12.3,3.05,3.2,3.2,3.2,5.45,5.55,7.11
3,2,5.03,5.23,6.4,12.18,12.3,3.06,3.21,3.21,3.21,5.46,5.56,7.12
3,3,5.01,5.21,6.38,12.17,12.3,3.07,3.22,3.22,3.22,5.48,5.58,7.13
3,4,4.58,5.18,6.35,12.17,12.3,3.09,3.24,3.24,3.24,5.5,6,7.15
3,5,4.56,5.16,6.33,12.17,12.3,3.1,3.25,3.25,3.25,5.52,6.02,7.16
3,6,4.54,5.14,6.31,12.17,12.3,3.11,3.26,3.26,3.26,5.53,6.03,7.17
3,7,4.52,5.12,6.29,12.16,12.3,3.12,3.27,3.27,3.27,5.55,6.05,7.18
3,8,4.5,5.1,6.27,12.16,12.3,3.13,3.28,3.28,3.28,5.57,6.07,7.2
3,9,4.47,5.07,6.24,12.16,12.3,3.15,3.3,3.3,3.3,5.58,6.08,7.2
3,10,4.45,5.05,6.22,12.16,12.3,3.16,3.31,3.31,3.31,6,6.1,7.22
3,11,4.43,5.03,6.2,12.15,12.3,3.17,3.32,3.32,3.32,6.02,6.12,7.24
3,12,4.41,5.01,6.18,12.15,12.3,3.18,3.33,3.33,3.33,6.04,6.14,7.26
3,13,4.38,4.58,6.15,12.15,12.3,3.19,3.34,3.34,3.34,6.05,6.15,7.26
3,14,4.36,4.56,6.13,12.15,12.3,3.2,3.35,3.35,3.35,6.07,6.17,7.28
3,15,4.34,4.54,6.11,12.14,12.3,3.21,3.36,3.36,3.36,6.09,6.19,7.3
3,16,4.32,4.52,6.09,12.14,12.3,3.22,3.37,3.37,3.37,6.1,6.2,7.31
3,17,4.29,4.49,6.06,12.14,12.3,3.23,3.38,3.38,3.38,6.12,6.22,7.32
3,18,4.27,4.47,6.04,12.13,12.3,3.24,3.39,3.39,3.39,6.14,6.24,7.34
3,19,4.25,4.45,6.02,12.13,12.3,3.25,3.4,3.4,3.4,6.16,6.26,7.36
3,20,4.23,4.43,5.59,12.13,12.3,3.26,3.41,3.41,3.41,6.17,6.27,7.37
3,21,4.21,4.41,5.57,12.13,12.3,3.27,3.42,3.42,3.42,6.19,6.29,7.38
3,22,4.2,4.4,5.55,12.12,12.3,3.28,3.43,3.43,3.43,6.21,6.31,7.4
3,23,4.18,4.38,5.53,12.12,12.3,3.29,3.44,3.44,3.44,6.22,6.32,7.41
3,24,4.15,4.35,5.5,12.12,12.3,3.3,3.45,3.45,3.45,6.24,6.34,7.43
3,25,4.13,4.33,5.48,12.11,12.3,3.31,3.46,3.46,3.46,6.26,6.36,7.44
3,26,4.13,4.33,5.48,12.11,12.3,3.31,3.46,3.46,3.46,6.26,6.36,7.45
3,27,4.12,4.32,5.46,1.11,1.3,4.32,4.49,4.47,4.47,7.29,7.39,8.47
3,28,5.08,5.28,6.41,1.1,1.3,4.34,4.49,4.49,4.49,7.31,7.41,8.49
3,29,5.06,5.26,6.39,1.1,1.3,4.35,4.5,4.5,4.5,7.32,7.42,8.49
3,30,5.04,5.24,6.37,1.1,1.3,4.36,4.51,4.51,4.51,7.34,7.44,8.51
3,31,5.02,5.22,6.34,1.1,1.3,4.37,4.52,4.52,4.52,7.36,7.46,8.53
4,1,5,5.2,6.32,1.09,1.3,4.38,4.53,4.53,4.53,7.37,7.44,8.54
4,2,4.58,5.18,6.3,1.09,1.3,4.39,4.54,4.54,4.54,7.39,7.46,8.56
4,3,4.56,5.16,6.28,1.09,1.3,4.4,4.55,4.55,4.55,7.41,7.48,8.57
4,4,4.53,5.13,6.25,1.08,1.3,4.4,4.55,4.55,4.55,7.42,7.47,8.58
4,5,4.51,5.11,6.23,1.08,1.3,4.41,4.56,4.56,4.56,7.44,7.51,9
4,6,4.49,5.09,6.21,1.08,1.3,4.42,4.57,4.57,4.57,7.46,7.53,9.02
4,7,4.47,5.07,6.19,1.08,1.3,4.43,4.58,4.58,4.58,7.47,7.54,9.03
4,8,4.44,5.04,6.16,1.07,1.3,4.44,4.59,4.59,4.59,7.49,7.56,9.05
4,9,4.42,5.02,6.14,1.07,1.3,4.45,5,5,5,7.51,7.58,9.06
4,10,4.4,5,6.12,1.07,1.3,4.46,5.01,5.01,5.01,7.53,8,9.08
4,11,4.38,4.58,6.1,1.06,1.3,4.46,5.01,5.01,5.01,7.54,8.01,9.09
4,12,4.36,4.56,6.08,1.06,1.3,4.47,5.02,5.02,5.02,7.56,8.06,9.11
4,13,4.33,4.53,6.05,1.06,1.3,4.48,5.03,5.03,5.03,7.57,8.07,9.12
4,14,4.31,4.51,6.03,1.06,1.3,4.49,5.04,5.04,5.04,7.59,8.09,9.14
4,15,4.29,4.49,6.01,1.05,1.3,4.49,5.04,5.04,5.04,8.01,8.11,9.16
4,16,4.27,4.47,5.59,1.05,1.3,4.5,5.05,5.05,5.05,8.02,8.12,9.17
4,17,4.25,4.45,5.57,1.05,1.3,4.51,5.06,5.06,5.06,8.04,8.14,9.18
4,18,4.22,4.42,5.55,1.05,1.3,4.52,5.07,5.07,5.07,8.06,8.16,9.2
4,19,4.2,4.4,5.53,1.05,1.3,4.52,5.07,5.07,5.07,8.07,8.17,9.21
4,20,4:18,4:38,5:51,1.04,1.3,4.53,5.08,5.08,5.08,8.09,8.19,9.23
4,21,4:15,4:35,5:49,1.04,1.3,5.54,5.09,5.09,5.09,8.11,8.21,9.25
4,22,4:12,4:32,5:46,1.04,1.3,4.55,5.1,5.1,5.1,8.12,8.22,9.27
4,23,4:10,4:30,5:44,1.04,1.3,4.55,5.1,5.1,5.1,8.14,8.24,9.27
4,24,4:07,4:27,5:42,1.04,1.3,4.56,5.11,5.11,5.11,8.16,8.26,9.29
4,25,4:05,4:25,5:40,1.03,1.3,4.57,5.12,5.12,5.12,8.17,8.27,9.31
4,26,4:03,4:23,5:38,1.03,1.3,4.57,5.12,5.12,5.12,8.19,8.29,9.31
4,27,4:00,4:20,5:36,1.03,1.3,4.58,5.13,5.13,5.13,8.21,8.31,9.33
4,28,3:58,4:18,5:34,1.03,1.3,4.59,5.14,5.14,5.14,8.22,8.32,9.34
4,29,3:57,4:17,5:33,1.03,1.3,4.59,5.14,5.14,5.14,8.24,8.34,9.35
4,30,3:54,4:14,5:31,1.03,1.3,5,5.15,5.15,5.15,8.25,8.35,9.37
5,1,3.51,4.11,5.29,1.03,1.30,5.01,5.16,8.27,8.27,8.37,9.38,9.48
5,2,3.49,4.09,5.27,1.02,1.30,5.02,5.17,8.29,8.29,8.39,9.40,9.50
5,3,3.46,4.06,5.25,1.02,1.30,5.02,5.17,8.31,8.31,8.41,9.42,9.52
5,4,3.44,4.04,5.23,1.02,1.30,5.03,5.18,8.32,8.32,8.42,9.43,9.53
5,5,3.42,4.02,5.22,1.02,1.30,5.04,5.19,8.34,8.34,8.44,9.43,9.53
5,6,3.40,4.00,5.20,1.02,1.30,5.04,5.19,8.36,8.36,8.46,9.47,9.57
5,7,3.37,3.57,5.18,1.02,1.30,5.05,5.20,8.37,8.37,8.47,9.48,9.58
5,8,3.35,3.55,5.16,1.02,1.30,5.05,5.20,8.39,8.39,8.49,9.50,10.00
5,9,3.33,3.53,5.15,1.02,1.30,5.06,5.21,8.40,8.40,8.50,9.51,10.01
5,10,3.31,3.51,5.13,1.02,1.30,5.07,5.22,8.42,8.42,8.52,9.53,10.03
5,11,3.28,3.48,5.11,1.02,1.30,5.07,5.22,8.43,8.43,8.53,9.54,10.04
5,12,3.27,3.47,5.10,1.02,1.30,5.08,5.23,8.45,8.45,8.55,9.56,10.06
5,13,3.24,3.44,5.08,1.02,1.30,5.08,5.23,8.46,8.46,8.56,9.56,10.06
5,14,3.23,3.43,5.07,1.02,1.30,5.09,5.24,8.48,8.48,8.58,9.58,10.08
5,15,3.20,3.40,5.05,1.02,1.30,5.10,5.25,8.49,8.49,8.59,9.59,10.09
5,16,3.19,3.39,5.04,1.02,1.30,5.10,5.25,8.51,8.51,9.01,10.02,10.12
5,17,3.16,3.36,5.02,1.02,1.30,5.11,5.26,8.52,8.52,9.02,10.03,10.13
5,18,3.15,3.35,5.01,1.02,1.30,5.11,5.26,8.54,8.54,9.04,10.05,10.15
5,19,3.13,3.33,5.00,1.02,1.30,5.12,5.27,8.55,8.55,9.05,10.07,10.17
5,20,3.11,3.31,4.58,1.02,1.30,5.12,5.27,8.57,8.57,9.07,10.09,10.19
5,21,3.09,3.29,4.57,1.02,1.30,5.13,5.28,8.58,8.58,9.08,10.10,10.20
5,22,3.08,3.28,4.56,1.02,1.30,5.14,5.29,8.59,8.59,9.09,10.12,10.22
5,23,3.06,3.26,4.55,1.02,1.30,5.14,5.29,9.01,9.01,9.11,10.14,10.24
5,24,3.03,3.23,4.53,1.02,1.30,5.15,5.30,9.02,9.02,9.12,10.14,10.24
5,25,3.01,3.21,4.52,1.02,1.30,5.15,5.30,9.03,9.03,9.13,10.17,10.27
5,26,3.00,3.20,4.51,1.03,1.30,5.16,5.31,9.05,9.05,9.15,10.19,10.29
5,27,2.58,3.18,4.50,1.03,1.30,5.16,5.31,9.06,9.06,9.16,10.20,1030
5,28,2.57,3.17,4.49,1.03,1.30,5.17,5.32,9.07,9.07,9.17,10.22,10.32
5,29,2.55,3.15,4.48,1.03,1.30,5.17,5.32,9.08,9.08,9.18,10.23,10.33
5,30,2.54,3.14,4.47,1.03,1.30,5.18,5.33,9.09,9.09,9.19,10.24,10.34
5,31,2.53,3.13,4.47,1.03,1.30,5.18,5.33,9.11,9.11,9.21,10.27,10.37
6,1,2.52 ,3.12 ,4.46 ,1.03 ,1.30,5.19 ,5.34 ,9.12 ,9.12 ,9.22 ,10.28 ,10.38 
6,2,2.50 ,3.10 ,4.45 ,1.04 ,1.30,5.19 ,5.34 ,9.13 ,9.13 ,9.23 ,10.30 ,10.40 
6,3,2.49 ,3.09 ,4.44 ,1.04 ,1.30,5.19 ,5.34 ,9.14 ,9.14 ,9.24 ,10.31 ,10.41 
6,4,2.48 ,3.08 ,4.44 ,1.04 ,1.30,5.20 ,5.35 ,9.15 ,9.15 ,9.25 ,10.32 ,10.42 
6,5,2.47 ,3.07 ,4.43 ,1.04 ,1.30,5.20 ,5.35 ,9.16 ,9.16 ,9.26 ,10.34 ,10.44 
6,6,2.46 ,3.06 ,4.43 ,1.04 ,1.30,5.21 ,5.36 ,9.17 ,9.17 ,9.27 ,10.35 ,10.45 
6,7,2.45 ,3.05 ,4.42 ,1.04 ,1.30,5.21 ,5.36 ,9.17 ,9.17 ,9.27 ,10.35 ,10.45 
6,8,2.44 ,3.04 ,4.42 ,1.05 ,1.30,5.22 ,5.37 ,9.18 ,9.18 ,9.28 ,10.36 ,10.46 
6,9,2.43 ,3.03 ,4.41 ,1.05 ,1.30,5.22 ,5.37 ,9.19 ,9.19 ,9.29 ,10.38 ,10.48 
6,10,2.42 ,3.02 ,4.41 ,1.05 ,1.30,5.22 ,5.37 ,9.20 ,9.20 ,9.30 ,10.39 ,10.49 
6,11,2.41 ,3.01 ,4.40 ,1.05 ,1.30,5.23 ,5.38 ,9.20 ,9.20 ,9.30 ,10.40 ,10.50 
6,12,2.40 ,3.00 ,4.40 ,1.05 ,1.30,5.23 ,5.38 ,9.21 ,9.21 ,9.31 ,10.41 ,10.51 
6,13,2.39 ,2.59 ,4.40 ,1.06 ,1.30,5.23 ,5.38 ,9.22 ,9.22 ,9.32 ,10.43 ,10.53 
6,14,2.39 ,2.59 ,4.40 ,1.06 ,1.30,5.24 ,5.39 ,9.22 ,9.22 ,9.32 ,10.43 ,10.53 
6,15,2.39 ,2.59 ,4.40 ,1.06 ,1.30,5.24 ,5.39 ,9.23 ,9.23 ,9.33 ,10.44 ,10.54 
6,16,2.39 ,2.59 ,4.40 ,1.06 ,1.30,5.24 ,5.39 ,9.23 ,9.23 ,9.33 ,10.43 ,10.53 
6,17,2.39 ,2.59 ,4.40 ,1.07 ,1.30,5.24 ,5.39 ,9.23 ,9.23 ,9.33 ,10.43 ,10.53 
6,18,2.39 ,2.59 ,4.40 ,1.07 ,1.30,5.25 ,5.40 ,9.24 ,9.24 ,9.34 ,10.43 ,10.53 
6,19,2.39 ,2.59 ,4.40 ,1.07 ,1.30,5.25 ,5.40 ,9.24 ,9.24 ,9.34 ,10.43 ,10.53 
6,20,2.40 ,3.00 ,4.40 ,1.07 ,1.30,5.25 ,5.40 ,9.24 ,9.24 ,9.34 ,10.43 ,10.53 
6,21,2.40 ,3.00 ,4.40 ,1.07 ,1.30,5.25 ,5.40 ,9.25 ,9.25 ,9.35 ,10.43 ,10.53 
6,22,2.40 ,3.00 ,4.40 ,1.08 ,1.30,5.26 ,5.41 ,9.25 ,9.25 ,9.35 ,10.42 ,10.52 
6,23,2.42 ,3.02 ,4.41 ,1.08 ,1.30,5.26 ,5.41 ,9.25 ,9.25 ,9.35 ,10.42 ,10.52 
6,24,2.42 ,3.02 ,4.41 ,1.08 ,1.30,5.26 ,5.41 ,9.25 ,9.25 ,9.35 ,10.41 ,10.51 
6,25,2.43 ,3.03 ,4.42 ,1.08 ,1.30,5.26 ,5.41 ,9.25 ,9.25 ,9.35 ,10.41 ,10.51 
6,26,2.44 ,3.04 ,4.42 ,1.08 ,1.30,5.26 ,5.41 ,9.25 ,9.25 ,9.35 ,10.41 ,10.51 
6,27,2.44 ,3.04 ,4.42 ,1.09 ,1.30,5.26 ,5.41 ,9.25 ,9.25 ,9.35 ,10.40 ,10.50 
6,28,2.46 ,3.06 ,4.43 ,1.09 ,1.30,5.26 ,5.41 ,9.24 ,9.24 ,9.34 ,10.39 ,10.49 
6,29,2.47 ,3.07 ,4.44 ,1.09 ,1.30,5.26 ,5.41 ,9.24 ,9.24 ,9.34 ,10.38 ,10.48 
6,30,2.47 ,3.07,4.44,1.09,1.30,5.26,5.41,9.24,9.24,9.34,10.37,10.47
7,1,2.49 ,3.09 ,4.45 ,1.09 ,1.30 ,5.26 ,5.41 ,9.24 ,9.24 ,9.34 ,10.36 ,10.46 
7,2,2.51 ,3.11 ,4.46 ,1.10 ,1.30 ,5.26 ,5.41 ,9.23 ,9.23 ,9.33 ,10.35 ,10.45 
7,3,2.51 ,3.11 ,4.46 ,1.10 ,1.30 ,5.26 ,5.41 ,9.23 ,9.23 ,9.33 ,10.35 ,10.45 
7,4,2.53 ,3.13 ,4.47 ,1.10 ,1.30 ,5.26 ,5.41 ,9.22 ,9.22 ,9.32 ,10.33 ,10.43 
7,5,2.54 ,3.14 ,4.48 ,1.10 ,1.30 ,5.26 ,5.41 ,9.22 ,9.22 ,9.32 ,10.33 ,10.43 
7,6,2.55 ,3.15 ,4.49 ,1.10 ,1.30 ,5.26 ,5.41 ,9.21 ,9.21 ,9.31 ,10.32 ,10.42 
7,7,2.57 ,3.17 ,4.50 ,1.11 ,1.30 ,5.26 ,5.41 ,9.21 ,9.21 ,9.31 ,10.31 ,10.41 
7,8,2.58 ,3.18 ,4.51 ,1.11 ,1.30 ,5.26 ,5.41 ,9.20 ,9.20 ,9.30 ,10.30 ,10.40 
7,9,3.00 ,3.20 ,4.52 ,1.11 ,1.30 ,5.26 ,5.41 ,9.19 ,9.19 ,9.29 ,10.29 ,10.39 
7,10,3.01 ,3.21 ,4.53 ,1.11 ,1.30 ,5.26 ,5.41 ,9.19 ,9.19 ,9.29 ,10.28 ,10.38 
7,11,3.02 ,3.22 ,4.54 ,1.11 ,1.30 ,5.26 ,5.41 ,9.18 ,9.18 ,9.28 ,10.27 ,10.37 
7,12,3.04 ,3.24 ,4.55 ,1.11 ,1.30 ,5.25 ,5.40 ,9.17 ,9.17 ,9.27 ,10.26 ,10.36 
7,13,3.05 ,3.25 ,4.56 ,1.11 ,1.30 ,5.25 ,5.40 ,9.16 ,9.16 ,9.26 ,10.24 ,10.34 
7,14,3.07 ,3.27 ,4.57 ,1.11 ,1.30 ,5.25 ,5.40 ,9.15 ,9.15 ,9.25 ,10.23 ,10.33 
7,15,3.08 ,3.28 ,4.58 ,1.12 ,1.30 ,5.25 ,5.40 ,9.14 ,9.14 ,9.24 ,10.22 ,10.32 
7,16,3.10 ,3.30 ,5.00 ,1.12 ,1.30 ,5.24 ,5.39 ,9.13 ,9.13 ,9.23 ,10.20 ,10.30 
7,17,3.12 ,3.32 ,5.01 ,1.12 ,1.30 ,5.24 ,5.39 ,9.12 ,9.12 ,9.22 ,10.19 ,10.29 
7,18,3.13 ,3.33 ,5.02 ,1.12 ,1.30 ,5.24 ,5.39 ,9.11 ,9.11 ,9.21 ,10.18 ,10.28 
7,19,3.15 ,3.35 ,5.03 ,1.12 ,1.30 ,5.23 ,5.38 ,9.10 ,9.10 ,9.20 ,10.16 ,10.26 
7,20,3.17 ,3.37 ,5.05 ,1.12 ,1.30 ,5.23 ,5.38 ,9.08 ,9.08 ,9.18 ,10.14 ,10.24 
7,21,3.18 ,3.38 ,5.06 ,1.12 ,1.30 ,5.22 ,5.37 ,9.07 ,9.07 ,9.17 ,10.13 ,10.23 
7,22,3.20 ,3.40 ,5.07 ,1.12 ,1.30 ,5.22 ,5.37 ,9.06 ,9.06 ,9.16 ,10.11 ,10.21 
7,23,3.22 ,3.42 ,5.09 ,1.12 ,1.30 ,5.22 ,5.37 ,9.04 ,9.04 ,9.14 ,10.09 ,10.19 
7,24,3.24 ,3.44 ,5.10 ,1.12 ,1.30 ,5.21 ,5.36 ,9.03 ,9.03 ,9.13 ,10.08 ,10.18 
7,25,3.25 ,3.45 ,5.11 ,1.12 ,1.30 ,5.21 ,5.36 ,9.02 ,9.02 ,9.12 ,10.06 ,10.16 
7,26,3.28 ,3.48 ,5.13 ,1.12 ,1.30 ,5.20 ,5.35 ,9.00 ,9.00 ,9.10 ,10.04 ,10.14 
7,27,3.29 ,3.49 ,5.14 ,1.12 ,1.30 ,5.19 ,5.34 ,8.59 ,8.59 ,9.09 ,10.03 ,10.13 
7,28,3.32 ,3.52 ,5.16 ,1.12 ,1.30 ,5.19 ,5.34 ,8.57 ,8.57 ,9.07 ,10.00 ,10.10 
7,29,3.33 ,3.53 ,5.17 ,1.12 ,1.30 ,5.18 ,5.33 ,8.56 ,8.56 ,9.06 ,9.59 ,10.09 
7,30,3.36 ,3.56 ,5.19 ,1.12 ,1.30 ,5.17 ,5.32 ,8.54 ,8.54 ,9.04 ,9.57 ,10.07 
7,31,3.37,3.57,5.20,1.12,1.30,5.17,5.32,8.52,8.52,9.02,9.55,10.05
8,1,3.40 ,4.00 ,5.22 ,1.12 ,1.30 ,5.16 ,5.31,8.51 ,8.51 ,9.01 ,9.55 ,10.05 
8,2,3.41 ,4.01 ,5.23 ,1.12 ,1.30 ,5.15 ,5.30,8.49 ,8.49 ,8.59 ,9.53 ,10.03 
8,3,3.44 ,4.04 ,5.25 ,1.12 ,1.30 ,5.15 ,5.30,8.48 ,8.48 ,8.58 ,9.52 ,10.02 
8,4,3.45 ,4.05 ,5.26 ,1.12 ,1.30 ,5.14 ,5.29,8.46 ,8.46 ,8.56 ,9.50 ,10.00 
8,5,3.48 ,4.08 ,5.28 ,1.11 ,1.30 ,5.13 ,5.28,8.44 ,8.44 ,8.54 ,9.48 ,9.58 
8,6,3.49 ,4.09 ,5.29 ,1.11 ,1.30 ,5.12 ,5.27,8.42 ,8.42 ,8.52 ,9.47 ,9.57 
8,7,3.51 ,4.11 ,5.31 ,1.11 ,1.30 ,5.11 ,5.26,8.40 ,8.40 ,8.50 ,9.45 ,9.55 
8,8,3.54 ,4.14 ,5.33 ,1.11 ,1.30 ,5.11 ,5.26,8.39 ,8.39 ,8.49 ,9.44 ,9.54 
8,9,3.55 ,4.15 ,5.34 ,1.11 ,1.30 ,5.10 ,5.25,8.37 ,8.37 ,8.47 ,9.42 ,9.52 
8,10,3.57 ,4.17 ,5.36 ,1.11 ,1.30 ,5.09 ,5.24,8.35 ,8.35 ,8.45 ,9.40 ,9.50 
8,11,3.59 ,4.19 ,5.37 ,1.11 ,1.30 ,5.08 ,5.23,8.33 ,8.33 ,8.43 ,9.39 ,9.49 
8,12,4.01 ,4.21 ,5.39 ,1.10 ,1.30 ,5.07 ,5.22,8.31 ,8.31 ,8.41 ,9.37 ,9.47 
8,13,4.02 ,4.22 ,5.40 ,1.10 ,1.30 ,5.06 ,5.21,8.29 ,8.29 ,8.39 ,9.35 ,9.45 
8,14,4.05 ,4.25 ,5.42 ,1.10 ,1.30 ,5.05 ,5.20,8.27 ,8.27 ,8.37 ,9.33 ,9.43 
8,15,4.07 ,4.27 ,5.44 ,1.10 ,1.30 ,5.04 ,5.19,8.25 ,8.25 ,8.35 ,9.31 ,9.41 
8,16,4.08 ,4.28 ,5.45 ,1.10 ,1.30 ,5.03 ,5.18,8.23 ,8.23 ,8.33 ,9.30 ,9.40 
8,17,4.11 ,4.31 ,5.47 ,1.09 ,1.30 ,5.02 ,5.17,8.21 ,8.21 ,8.31 ,9.28 ,9.38 
8,18,4.12 ,4.32 ,5.48 ,1.09 ,1.30 ,5.01 ,5.16,8.19 ,8.19 ,8.29 ,9.26 ,9.36 
8,19,4.14 ,4.34 ,5.50 ,1.09 ,1.30 ,4.59 ,5.14,8.17 ,8.17 ,8.27 ,9.24 ,9.34 
8,20,4.16 ,4.36 ,5.51 ,1.09 ,1.30 ,4.58 ,5.13,8.15 ,8.15 ,8.25 ,9.22 ,9.32 
8,21,4.18 ,4.38 ,5.53 ,1.09 ,1.30 ,4.57 ,5.12,8.13 ,8.13 ,8.23 ,9.21 ,9.31 
8,22,4.20 ,4.40 ,5.55 ,1.08 ,1.30 ,4.56 ,5.11,8.11 ,8.11 ,8.21 ,9.19 ,9.29 
8,23,4.22 ,4.42 ,5.56 ,1.08 ,1.30 ,4.55 ,5.08,8.09 ,8.09 ,8.19 ,9.17 ,9.27 
8,24,4.24 ,4.44 ,5.58 ,1.08 ,1.30 ,4.53 ,5.08,8.07 ,8.07 ,8.17 ,9.15 ,9.25 
8,25,4.25 ,4.45 ,5.59 ,1.07 ,1.30 ,4.52 ,5.07,8.04 ,8.04 ,8.14 ,9.13 ,9.23 
8,26,4.28 ,4.48 ,6.01 ,1.07 ,1.30 ,4.51 ,5.06,8.02 ,8.02 ,8.12 ,9.11 ,9.21 
8,27,4.30 ,4.50 ,6.03 ,1.07 ,1.30 ,4.50 ,5.05,8.00 ,8.00 ,8.10 ,9.09 ,9.19 
8,28,4.31 ,4.51 ,6.04 ,1.07 ,1.30 ,4.48 ,5.03,7.58 ,7.58 ,8.08 ,9.07 ,9.17 
8,29,4.34 ,4.54 ,6.06 ,1.06 ,1.30 ,4.47 ,5.02,7.56 ,7.56 ,8.06 ,9.06 ,9.16 
8,30,4.35 ,4.55 ,6.07 ,1.06 ,1.30 ,4.46 ,5.01,7.53 ,7.53 ,8.03 ,9.03 ,9.13 
8,31,4.37 ,4.57 ,6.09,1.06 ,1.30 ,4.44 ,4.59,7.51 ,7.51 ,8.01 ,9.01 ,9.11 
9,1,4.39 ,4.59 ,6.11 ,1.05 ,1.30 ,4.43 ,4.58 ,7.49 ,7.49 ,7.59 ,8.58 ,9.08 
9,2,4.40 ,5.00 ,6.12 ,1.05 ,1.30 ,4.42 ,4.57 ,7.47 ,7.47 ,7.57 ,8.58 ,9.08 
9,3,4.42 ,5.02 ,6.14 ,1.05 ,1.30 ,4.40 ,4.55 ,7.45 ,7.45 ,7.55 ,8.56 ,9.06 
9,4,4.43 ,5.03 ,6.15 ,1.04 ,1.30 ,4.39 ,4.54 ,7.42 ,7.42 ,7.52 ,8.54 ,9.04 
9,5,4.45 ,5.05 ,6.17 ,1.04 ,1.30 ,4.37 ,4.52 ,7.40 ,7.40 ,7.50 ,8.52 ,9.02 
9,6,4.47 ,5.07 ,6.19 ,1.04 ,1.30 ,4.36 ,4.51 ,7.38 ,7.38 ,7.48 ,8.50 ,9.00 
9,7,4.48 ,5.08 ,6.20 ,1.03 ,1.30 ,4.34 ,4.49 ,7.36 ,7.36 ,7.46 ,8.49 ,8.59 
9,8,4.50 ,5.10 ,6.22 ,1.03 ,1.30 ,4.33 ,4.48 ,7.33 ,7.33 ,7.43 ,8.46 ,8.56 
9,9,4.51 ,5.11 ,6.23 ,1.03 ,1.30 ,4.31 ,4.46 ,7.31 ,7.31 ,7.41 ,8.44 ,8.54 
9,10,4.53 ,5.13 ,6.25 ,1.02 ,1.30 ,4.30 ,4.45 ,7.29 ,7.29 ,7.39 ,8.42 ,8.52 
9,11,4.55 ,5.15 ,6.27 ,1.02 ,1.30 ,4.28 ,4.43 ,7.26 ,7.26 ,7.36 ,8.40 ,8.50 
9,12,4.56 ,5.16 ,6.28 ,1.02 ,1.30 ,4.27 ,4.42 ,7.24 ,7.24 ,7.34 ,8.38 ,8.48 
9,13,4.58 ,5.18 ,6.30 ,1.01 ,1.30 ,4.25 ,4.40 ,7.22 ,7.22 ,7.32 ,8.36 ,8.46 
9,14,4.59 ,5.19 ,6.31 ,1.01 ,1.30 ,4.24 ,4.39 ,7.19 ,7.19 ,7.29 ,8.33 ,8.43 
9,15,5.01 ,5.21 ,6.33 ,1.01 ,1.30 ,4.22 ,4.37 ,7.17 ,7.17 ,7.27 ,8.32 ,8.42 
9,16,5.03 ,5.23 ,6.34 ,1.00 ,1.30 ,4.20 ,4.35 ,7.15 ,7.15 ,7.25 ,8.30 ,8.40 
9,17,5.05 ,5.25 ,6.36 ,1.00 ,1.30 ,4.19 ,4.34 ,7.13 ,7.13 ,7.23 ,8.28 ,8.38 
9,18,5.07 ,5.27 ,6.38 ,12.59 ,1.30 ,4.17 ,4.32 ,7.10 ,7.10 ,7.20 ,8.25 ,8.35 
9,19,5.09 ,5.29 ,6.39 ,12.59 ,1.30 ,4.16 ,4.31 ,7.08 ,7.08 ,7.18 ,8.23 ,8.33 
9,20,5.11 ,5.31 ,6.41 ,12.59 ,1.30 ,4.14 ,4.29 ,7.06 ,7.06 ,7.16 ,8.21 ,8.31 
9,21,5.12 ,5.32 ,6.42 ,12.58 ,1.30 ,4.12 ,4.27 ,7.03 ,7.03 ,7.13 ,8.19 ,8.29 
9,22,5.15 ,5.35 ,6.44 ,12.58 ,1.30 ,4.11 ,4.26 ,7.01 ,7.01 ,7.11 ,8.17 ,8.27 
9,23,5.17 ,5.37 ,6.46 ,12.58 ,1.30 ,4.09 ,4.24 ,6.59 ,6.59 ,7.09 ,8.15 ,8.25 
9,24,5.18 ,5.38 ,6.47 ,12.57 ,1.30 ,4.07 ,4.22 ,6.56 ,6.56 ,7.06 ,8.12 ,8.22 
9,25,5.21 ,5.41 ,6.49 ,12.57 ,1.30 ,4.06 ,4.21 ,6.54 ,6.54 ,7.04 ,8.11 ,8.21 
9,26,5.23 ,5.43 ,6.51 ,12.57 ,1.30 ,4.04 ,4.19 ,6.52 ,6.52 ,7.02 ,8.09 ,8.19 
9,27,5.24 ,5.44 ,6.52 ,12.56 ,1.30 ,4.02 ,4.17 ,6.50 ,6.50 ,7.00 ,8.07 ,8.17 
9,28,5.27 ,5.47 ,6.54 ,12.56 ,1.30 ,4.01 ,4.16 ,6.47 ,6.47 ,6.57 ,8.04 ,8.14 
9,29,5.28 ,5.48 ,6.55 ,12.56 ,1.30 ,3.59 ,4.14 ,6.45 ,6.45 ,6.55 ,8.02 ,8.12 
9,30,5.30,5.50,6.57,12.55 ,1.30,3.57 ,4.12,6.43 ,6.43 ,6.53,8.00,8.10
10,1,5.31 ,5.51 ,6.59 ,12.55 ,1.30 ,3.56 ,4.11 ,6.40 ,6.40 ,6.50 ,7.58 ,8.08 
10,2,5.32 ,5.52 ,7.00 ,12.55 ,1.30 ,3.54 ,4.09 ,6.38 ,6.38 ,6.48 ,7.56 ,8.06 
10,3,5.34 ,5.54 ,7.02 ,12.54 ,1.30 ,3.52 ,4.07 ,6.36 ,6.36 ,6.46 ,7.55 ,8.05 
10,4,5.36 ,5.56 ,7.04 ,12.54 ,1.30 ,3.50 ,4.05 ,6.34 ,6.34 ,6.44 ,7.53 ,8.03 
10,5,5.36 ,5.56 ,7.05 ,12.54 ,1.30 ,3.49 ,4.04 ,6.31 ,6.31 ,6.41 ,7.50 ,8.00 
10,6,5.38 ,5.58 ,7.02 ,12.54 ,1.30 ,3.47 ,4.02 ,6.29 ,6.29 ,6.39 ,7.48 ,7.58 
10,7,5.40 ,6.00 ,7.09 ,12.53 ,1.30 ,3.45 ,4.00 ,6.27 ,6.27 ,6.37 ,7.48 ,7.58 
10,8,5.40 ,6.00 ,7.09 ,12.53 ,1.30 ,3.44 ,3.59 ,6.25 ,6.25 ,6.35 ,7.46 ,7.56 
10,9,5.42 ,6.02 ,7.12 ,12.53 ,1.30 ,3.42 ,3.57 ,6.23 ,6.23 ,6.33 ,7.44 ,7.54 
10,10,5.44 ,6.04 ,7.14 ,12.52 ,1.30 ,3.40 ,3.55 ,6.20 ,6.20 ,6.30 ,7.41 ,7.51 
10,11,5.44 ,6.04 ,7.15 ,12.52 ,1.30 ,3.39 ,3.54 ,6.18 ,6.18 ,6.28 ,7.39 ,7.49 
10,12,5.46 ,6.06 ,7.17 ,12.52 ,1.30 ,3.37 ,3.52 ,6.16 ,6.16 ,6.26 ,7.37 ,7.47 
10,13,5.48 ,6.08 ,7.19 ,12.52 ,1.30 ,3.35 ,3.50 ,6.14 ,6.14 ,6.24 ,7.37 ,7.47 
10,14,5.48 ,6.08 ,7.20,12.51 ,1.30 ,3.34 ,3.49 ,6.12 ,6.12 ,6.22 ,7.35 ,7.45 
10,15,5.50 ,6.10 ,7.22 ,12.51 ,1.30 ,3.32 ,3.47 ,6.09 ,6.09 ,6.19 ,7.32 ,7.42 
10,16,5.52 ,6.12 ,7.24 ,12.51 ,1.30 ,3.30 ,3.45 ,6.07 ,6.07 ,6.17 ,7.30 ,7.40 
10,17,5.52 ,6.12 ,7.25 ,12.51 ,1.30 ,3.29 ,3.44 ,6.05 ,6.05 ,6.15 ,7.28 ,7.38 
10,18,5.54 ,6.14 ,7.27 ,12.51 ,1.30 ,3.27 ,3.42 ,6.03 ,6.03 ,6.13 ,7.26 ,7.36 
10,19,5.56 ,6.16 ,7.29 ,12.50 ,1.30 ,3.25 ,3.40 ,6.01 ,6.01 ,6.11 ,7.24 ,7.34 
10,20,5.58 ,6.18 ,7.31 ,12.50 ,1.30 ,3.24 ,3.39 ,5.59 ,5.59 ,6.09 ,7.22 ,7.32 
10,21,5.58 ,6.18 ,7.32 ,12.50 ,1.30 ,3.22 ,3.37 ,5.57 ,5.57 ,6.07 ,7.22 ,7.32 
10,22,6.00 ,6.20 ,7.34 ,12.50 ,1.30 ,3.21 ,3.36 ,5.55 ,5.55 ,6.05 ,7.20 ,7.30 
10,23,6.01 ,6.21 ,7.36 ,12.50 ,1.30 ,3.19 ,3.34 ,5.53 ,5.53 ,6.03 ,7.18 ,7.28 
10,24,6.03 ,6.23 ,7.38 ,12.50 ,1.30 ,3.17 ,3.32 ,5.51 ,5.51 ,6.01 ,7.16 ,7.26 
10,25,6.04 ,6.24 ,7.39 ,12.50 ,1.30 ,3.16 ,3.31 ,5.49 ,5.49 ,5.59 ,7.16 ,7.26 
10,26,6.05 ,6.25 ,7.41 ,12.49 ,1.30 ,3.15 ,3.30 ,5.47 ,5.47 ,5.57 ,7.14 ,7.24 
10,27,6.07 ,6.27 ,7.43 ,12.49 ,1.30 ,3.13 ,3.28 ,5.45 ,5.45 ,5.55 ,7.12 ,7.22 
10,28,6.09 ,6.29 ,7.45 ,12.49 ,1.30 ,3.11 ,3.26 ,5.43 ,5.43 ,5.53 ,7.10 ,7.20 
10,29,5.09 ,5.29 ,7.45 ,11.49 ,12.30 ,2.11 ,2.26 ,4.43 ,4.43 ,4.53 ,6.10 ,6.30 
10,30,5.09 ,5.29 ,7.46 ,11.49 ,12.30 ,2.10 ,2.25 ,4.41 ,4.41 ,4.51 ,6.08 ,6.30 
10,31,5.13,5.33,6.50,11.49,12.30,2.07,2.22,4.38,4.38,4.48,6.05,6.30
11,1,5.15 ,5.35 ,6.52 ,11.49 ,12.30 ,2.06 ,2.21 ,4.36 ,4.36 ,4.46 ,6.04 ,6.30 
11,2,5.16 ,5.36 ,6.53 ,11.49 ,12.30 ,2.04 ,2.19 ,4.34 ,4.34 ,4.44 ,6.02 ,6.30 
11,3,5.18 ,5.38 ,6.55 ,11.49 ,12.30 ,2.03 ,2.18 ,4.32 ,4.32 ,4.42 ,6.01 ,6.30 
11,4,5.19 ,5.39 ,6.57 ,11.49 ,12.30 ,2.02 ,2.17 ,4.31 ,4.31 ,4.41 ,6.00 ,6.30 
11,5,5.21 ,5.41 ,6.59 ,11.49 ,12.30 ,2.00 ,2.15 ,4.29 ,4.29 ,4.39 ,5.59 ,6.30 
11,6,5.22 ,5.42 ,7.00 ,11.49 ,12.30 ,1.59 ,2.14 ,4.27 ,4.27 ,4.37 ,5.57 ,6.30 
11,7,5.23 ,5.43 ,7.02 ,11.49 ,12.30 ,1.58 ,2.13 ,4.26 ,4.26 ,4.36 ,5.57 ,6.30 
11,8,5.25 ,5.45 ,7.04 ,11.49 ,12.30 ,1.56 ,2.11 ,4.24 ,4.24 ,4.34 ,5.55 ,6.30 
11,9,5.27 ,5.47 ,7.06 ,11.49 ,12.30 ,1.55 ,2.10 ,4.22 ,4.22 ,4.32 ,5.54 ,6.30 
11,10,5.27 ,5.47 ,7.07 ,11.49 ,12.30 ,1.54 ,2.09 ,4.21 ,4.21 ,4.31 ,5.53 ,6.30 
11,11,5.29 ,5.49 ,7.09 ,11.50 ,12.30 ,1.53 ,2.08 ,4.19 ,4.19 ,4.29 ,5.51 ,6.30 
11,12,5.31 ,5.51 ,7.11 ,11.50 ,12.30 ,1.52 ,2.07 ,4.18 ,4.18 ,4.28 ,5.50 ,6.30 
11,13,5.32 ,5.52 ,7.13 ,11.50 ,12.30 ,1.51 ,2.06 ,4.16 ,4.16 ,4.26 ,5.49 ,6.30 
11,14,5.33 ,5.53 ,7.14 ,11.50 ,12.30 ,1.50 ,2.05 ,4.15 ,4.15 ,4.25 ,5.48 ,6.30 
11,15,5.35 ,5.55 ,7.16 ,11.50 ,12.30 ,1.49 ,2.04 ,4.14 ,4.14 ,4.24 ,5.47 ,6.30 
11,16,5.36 ,5.56 ,7.18 ,11.50 ,12.30 ,1.48 ,2.03 ,4.12 ,4.12 ,4.22 ,5.45 ,6.30 
11,17,5.38 ,5.58 ,7.20 ,11.51 ,12.30 ,1.47 ,2.02 ,4.11 ,4.11 ,4.21 ,5.45 ,6.30 
11,18,5.39 ,5.59 ,7.21 ,11.51 ,12.30 ,1.46 ,2.01 ,4.10 ,4.10 ,4.20 ,5.44 ,6.30 
11,19,5.41 ,6.01 ,7.23 ,11.51 ,12.30 ,1.45 ,2.00 ,4.09 ,4.09 ,4.19 ,5.43 ,6.30 
11,20,5.43 ,6.03 ,7.25 ,11.51 ,12.30 ,1.44 ,1.59 ,4.07 ,4.07 ,4.17 ,5.41 ,6.30 
11,21,5.44 ,6.04 ,7.26 ,11.51 ,12.30 ,1.43 ,1.58 ,4.06 ,4.06 ,4.16 ,5.41 ,6.30 
11,22,5.46 ,6.06 ,7.28 ,11.52 ,12.30 ,1.42 ,1.57 ,4.05 ,4.05 ,4.15 ,5.40 ,6.30 
11,23,5.47 ,6.07 ,7.29 ,11.52 ,12.30 ,1.42 ,1.57 ,4.04 ,4.04 ,4.14 ,5.39 ,6.30 
11,24,5.49 ,6.09 ,7.31 ,11.52 ,12.30 ,1.41 ,1.56 ,4.03 ,4.03 ,4.13 ,5.38 ,6.30 
11,25,5.50 ,6.10 ,7.32 ,11.53 ,12.30 ,1.40 ,1.55 ,4.02 ,4.02 ,4.12 ,5.38 ,6.30 
11,26,5.52 ,6.12 ,7.34 ,11.53 ,12.30 ,1.40 ,1.55 ,4.01 ,4.01 ,4.11 ,5.37 ,6.30 
11,27,5.54 ,6.14 ,7.36 ,11.53 ,12.30 ,1.39 ,1.54 ,4.01 ,4.01 ,4.11 ,5.37 ,6.30 
11,28,5.55 ,6.15 ,7.37 ,11.54 ,12.30 ,1.38 ,1.53 ,4.00 ,4.00 ,4.10 ,5.36 ,6.30 
11,29,5.56 ,6.16 ,7.38 ,11.54 ,12.30 ,1.38 ,1.53 ,3.59 ,3.59 ,4.09 ,5.35 ,6.30 
11,30,5.58,6.18,7.40,11.54,12.30,1.38 ,1.53,3.58,3.58,4.08,5.35,6.30
12,1,5.59,6.15,7.41,11.55,12.30,1.38 ,1.52,3.58,3.58,3.58,4.08,6.30 
12,2,6.01,6.15,7.43,11.55,12.30,1.38 ,1.52,3.58,3.58,3.57,4.07,6.30 
12,3,6.02,6.15,7.44,11.55,12.30,1.36,1.51,3.58,2,3.57,4.07,5.34
12,4,6.03,6.15,7.45,11.56,12.30,1.36,1.51,2,2,3.56,4.06,5.33
12,5,6.05,6.3,7.47,11.56,12.30,1.36,1.51,2,2,3.56,4.06,5.33
12,6,6.06,6.3,7.48,11.57,12.30,1.36,1.51,2,2,3.55,4.05,5.32
12,7,6.07,6.3,7.49,11.57,12.30,1.36,1.51,2,2,3.55,4.05,5.32
12,8,6.08,6.3,7.5,11.58,12.30,1.36,1.51,2,2,3.55,4.05,5.32
12,9,6.09,6.3,7.51,11.58,12.30,1.36,1.51,2,2,3.55,4.05,5.32
12,10,6.1,6.3,7.52,11.59,12.3,1.35,1.5,2,2,3.55,4.05,5.32
12,11,6.11,6.3,7.53,11.59,12.3,1.36,1.51,2,2,3.54,4.04,5.31
12,12,6.12,6.45,7.54,11.59,12.3,1.36,1.51,2,2,3.54,4.04,5.31
12,13,6.13,6.45,7.55,12,12.3,1.36,1.51,2,2,3.54,4.04,5.31
12,14,6.14,6.45,7.56,12,12.3,1.36,1.51,2,2,3.55,4.05,5.32
12,15,6.15,6.45,7.57,12.01,12.3,1.36,1.51,2,2,3.55,4.05,5.32
12,16,6.17,6.45,7.58,12.01,12.3,1.36,1.51,2,2,3.55,4.05,5.32
12,17,6.17,6.45,7.58,12.02,12.3,1.37,1.52,2,2,3.55,4.05,5.32
12,18,6.18,6.45,7.59,12.02,12.3,1.37,1.52,2,2,3.55,4.05,5.32
12,19,6.19,6.45,8,12.03,12.3,1.37,1.52,2,2,3.56,4.06,5.33
12,20,6.2,6.45,8,12.03,12.3,1.38,1.53,2,2,3.56,4.06,5.33
12,21,6.21,6.45,8.01,12.04,12.3,1.38,1.53,2,2,3.57,4.07,5.34
12,22,6.21,6.45,8.01,12.04,12.3,1.39,1.54,2,2,3.57,4.07,5.34
12,23,6.22,6.45,8.02,12.05,12.3,1.4,1.55,2,2,3.58,4.08,5.35
12,24,6.22,6.45,8.02,12.05,12.3,1.4,1.55,2,2,3.58,4.08,5.35
12,25,6.22,6.45,8.02,12.06,12.3,1.41,1.56,2,2,3.59,4.09,5.36
12,26,6.25,6.45,8.03,12.06,12.3,1.41,1.56,2,2,4,4.1,5.37
12,27,6.25,6.45,8.03,12.07,12.3,1.42,1.57,2,2,4.01,4.11,5.38
12,28,6.25,6.45,8.03,12.07,12.3,1.43,1.58,2,2,4.02,4.12,5.39
12,29,6.26,6.45,8.03,12.08,12.3,1.44,1.59,2,2,4.02,4.12,5.39
12,30,6.26,6.45,8.03,12.08,12.3,1.45,2,2,2,4.03,4.13,5.4
12,31,6.26,6.45,8.03,12.09,12.3,1.45,2,2,2,4.04,4.14,5.41
,,,,,,,,,,,,,
,,,,,,,,,,,,,
,,,,,,,,,,,,,
,,,,,,,,,,,,,
,,,,,,,,,,,,,
,,,,,,,,,,,,,
,,,,,,,,,,,,,
,,,,,,,,,,,,,
,,,,,,,,,,,,,
,,,,,,,,,,,,,
